class_id,abbrev,full_name,difficulty,instances,exp0_p,exp0_r,exp0_f1,exp0_ap50,exp0_ap50_95,expA_p,expA_r,expA_f1,expA_ap50,expA_ap50_95,cbam_p,cbam_r,cbam_f1,cbam_ap50,cbam_ap50_95,d_expA_ap50,d_expA_ap50_95,d_expA_f1,d_cbam_ap50,d_cbam_ap50_95,d_cbam_f1,d_total_ap50,d_total_ap50_95
0,SH,Short,medium,127,0.843000,0.848000,0.845493,0.914391,0.598667,0.869000,0.866000,0.867497,0.914198,0.575209,0.815000,0.831000,0.822922,0.867212,0.501331,-0.000193,-0.023458,0.022005,-0.046986,-0.073877,-0.044575,-0.047179,-0.097336
1,SP,Spur,medium,662,0.818000,0.782000,0.799595,0.834137,0.378973,0.849000,0.732000,0.786171,0.823970,0.366987,0.821000,0.752000,0.784987,0.822058,0.361136,-0.010167,-0.011986,-0.013424,-0.001912,-0.005850,-0.001184,-0.012079,-0.017836
2,SC,Spurious Copper,medium,208,0.750000,0.774000,0.761811,0.791246,0.480379,0.733000,0.784000,0.757643,0.802846,0.495092,0.803000,0.740000,0.770214,0.790757,0.460794,0.011600,0.014713,-0.004168,-0.012089,-0.034298,0.012571,-0.000489,-0.019585
3,OP,Open,medium,256,0.831000,0.827000,0.828995,0.891599,0.515579,0.871000,0.846000,0.858318,0.911097,0.531925,0.763000,0.840000,0.799651,0.865768,0.466444,0.019498,0.016346,0.029323,-0.045329,-0.065481,-0.058667,-0.025832,-0.049135
4,MB,Mouse Bite,medium,374,0.862000,0.716000,0.782246,0.824330,0.383317,0.844000,0.682000,0.754401,0.793574,0.365170,0.786000,0.695000,0.737704,0.776850,0.350153,-0.030755,-0.018147,-0.027845,-0.016724,-0.015017,-0.016697,-0.047479,-0.033164
5,HB,Hole Breakout,easy,444,0.911000,0.957000,0.933434,0.984642,0.831898,0.919000,0.968000,0.942864,0.985584,0.830165,0.924000,0.957000,0.940211,0.982020,0.816417,0.000942,-0.001733,0.009430,-0.003564,-0.013747,-0.002653,-0.002622,-0.015480
6,CS,Conductor Scratch,hard,298,0.721000,0.693000,0.706723,0.739018,0.435274,0.726000,0.631000,0.675175,0.718309,0.430287,0.730000,0.563000,0.635715,0.682468,0.382710,-0.020709,-0.004987,-0.031548,-0.035842,-0.047577,-0.039459,-0.056551,-0.052564
7,CFO,Conductor FOI,hard,315,0.721000,0.686000,0.703065,0.710939,0.392472,0.777000,0.603000,0.679030,0.717741,0.400835,0.723000,0.606000,0.659350,0.701189,0.348839,0.006803,0.008362,-0.024034,-0.016552,-0.051996,-0.019681,-0.009750,-0.043634
8,BMFO,Base Material FOI,hard,250,0.826000,0.864000,0.844573,0.879278,0.457836,0.830000,0.841000,0.835464,0.868152,0.449774,0.810000,0.872000,0.839857,0.861088,0.414538,-0.011126,-0.008062,-0.009109,-0.007063,-0.035236,0.004394,-0.018189,-0.043298
