image,image_score,n_gt_boxes,n_pred_boxes,TP,FP,FN
0035494_jpg.rf.2cb792a6d4bccbcbca109a815ebb224f.jpg,0.37627,2,1,0,1,2
0045405_jpg.rf.333431764ac29d1057b24251cddf837f.jpg,0.29714,1,1,0,1,1
0058408_jpg.rf.83fc2f87909cde95c677447c790ca16e.jpg,0.34062,1,1,0,1,1
0059117_jpg.rf.9df9a7f43117a09891c4b3cbbc4a4f17.jpg,0.31025,1,1,0,1,1
0061978_jpg.rf.f2a0ee56594cfb6168ff767f7a8ac00b.jpg,0.25949,2,1,0,1,2
0063024_jpg.rf.4aaaf0589b129b6d9034d2355d576fc5.jpg,0.37244,1,1,0,1,1
0063058_jpg.rf.2369341ee38678ef8b34ed012e48d5c6.jpg,0.36947,2,1,1,0,1
0063169_jpg.rf.1c5df4a9e06b78d51a7158a0c6155b06.jpg,0.34663,4,1,1,0,3
0064449_jpg.rf.27c1cdec80d582141985d317ce38bbad.jpg,0.29424,1,1,0,1,1
0065294_jpg.rf.6b510d3d5267b0f144bd6229dc764c0d.jpg,0.33414,1,1,1,0,0
0065372_jpg.rf.41d9de06fc20c2c5d1d6ac5b426f8ab2.jpg,0.38808,2,1,0,1,2
0065899_jpg.rf.0c8a44c472af655273071fd54cce95c0.jpg,0.33956,1,1,1,0,0
0065912_jpg.rf.71e62a28f00a2984d424bf076caedd0e.jpg,0.35447,4,1,0,1,4
0065997_jpg.rf.a89bb605422571fe20357e6fd12303ea.jpg,0.33861,1,1,0,1,1
00664_jpg.rf.06ba2474f18f3a8086b82fea3ea4e01b.jpg,0.27781,1,1,0,1,1
0067280_jpg.rf.cc2b49d2304c584984f27339f4e81fca.jpg,0.25878,1,1,0,1,1
0067294_jpg.rf.b98c2146451540af451515791691bced.jpg,0.35621,2,1,1,0,1
0067297_jpg.rf.f692f313ba15339f410cb0495966b7f5.jpg,0.19633,1,1,0,1,1
0067337_jpg.rf.d64611e36b712f306b8665e3681c7299.jpg,0.2728,1,1,0,1,1
0067864_jpg.rf.9b5c7938cf4fc335eba6f8ea5b112d53.jpg,0.34166,1,1,0,1,1
0067892_jpg.rf.025d5d33f05c0375ed45c701c9aae220.jpg,0.29809,1,1,0,1,1
0067993_jpg.rf.490c90b7b134f73557bccf5f077f7acb.jpg,0.31694,1,1,0,1,1
0067999_jpg.rf.506c7e3355ab3f7295a305209333cd5a.jpg,0.33755,1,1,0,1,1
0068040_jpg.rf.726881827362bef7e0b7346e98065cca.jpg,0.31642,1,1,0,1,1
0068075_jpg.rf.62706fbb2ce8061311d2be5c074543ba.jpg,0.31184,1,1,0,1,1
0069056_jpg.rf.4cc33a1b22fa984925d5114b31465897.jpg,0.36569,3,1,1,0,2
0069350_jpg.rf.9afb34eeb4b8295461b59fdd98fa820e.jpg,0.29405,1,1,0,1,1
0069389_jpg.rf.2219b316a545c7e947af9163a29b650f.jpg,0.27994,1,1,0,1,1
0069488_jpg.rf.e824a23ab59e6b5b4a4ccb9618b151c7.jpg,0.22295,1,1,0,1,1
0069490_jpg.rf.606d7f104dcd016c0bd7f1a8158bd517.jpg,0.27681,4,1,0,1,4
0074492_jpg.rf.28809c9ecb21c1b746ef2c6645a37b41.jpg,0.30853,1,1,0,1,1
0075037_jpg.rf.e1bd6daeccb9dbe8acb6ed996c518eee.jpg,0.33754,1,1,0,1,1
0075054_jpg.rf.3fe8f54942dbc0e2533cbdeb8d727b25.jpg,0.3778,4,2,1,1,3
0079911_jpg.rf.d1d27978e00bac75e309c5fba8f3d14c.jpg,0.26573,2,1,0,1,2
0079995_jpg.rf.16d440ac41b7c07de9b4809fd94b4afe.jpg,0.25221,2,1,0,1,2
0081028_jpg.rf.762c11905a530c7c45ec6097d31dcc72.jpg,0.43037,1,1,1,0,0
0100483_jpg.rf.5573bf1e57dd98e73f103910552a95cc.jpg,0.32471,1,1,0,1,1
0100647_jpg.rf.4a7b4de84755fecbb8480bd0be7d5c4f.jpg,0.35433,4,3,2,1,2
0105709_jpg.rf.e93031e759037950663e3c3b1a2276cc.jpg,0.38838,2,1,1,0,1
0105991_jpg.rf.05cd104ca18885d2b42769d86a57fd98.jpg,0.32554,1,1,0,1,1
0106046_jpg.rf.02c095a5d3bc006503bb9896d1fe1c19.jpg,0.25259,1,1,0,1,1
0106117_jpg.rf.0f4daf059c0aff8ef3d438db675d88fe.jpg,0.30772,1,1,0,1,1
0106237_jpg.rf.2e1dd9f5618f26372d6d6e70013b2888.jpg,0.33613,1,1,0,1,1
0107421_jpg.rf.cc3dc207e00580bb5013d3a398d59eda.jpg,0.32689,1,1,0,1,1
0107425_jpg.rf.a03053026ecf5410f97fcb727b02b5f1.jpg,0.30833,1,1,0,1,1
0108046_jpg.rf.4a212170ae15eec1daa24de116e42f44.jpg,0.33385,2,1,1,0,1
0124139_jpg.rf.36bf2f6fb263c70af31721b7a353ca22.jpg,0.33533,1,1,0,1,1
0335843_jpg.rf.c03514467b375fed2dd2c1b2943a245f.jpg,0.2791,1,1,1,0,0
0336898_jpg.rf.70e88be26220b05c81f21becf176a0ea.jpg,0.31635,1,1,1,0,0
0341940_jpg.rf.d67e16db686e96ce38bd5b9b37200a4e.jpg,0.28544,1,1,0,1,1
0343651_jpg.rf.39b830cd431dc674267f91f2830703bc.jpg,0.29713,1,2,0,2,1
0348109_jpg.rf.85c7d63e9ae6c5777bb51e334587d460.jpg,0.28618,1,1,0,1,1
0357225_jpg.rf.b609885146820606157e23631c74386b.jpg,0.30486,2,1,0,1,2
0359727_jpg.rf.3c178de7935c2adcf34ce0af4db139ec.jpg,0.26212,1,1,1,0,0
0365739_jpg.rf.0dab09b60aa6c94075e0dbd5009aff07.jpg,0.34539,1,1,1,0,0
0370585_jpg.rf.ce1014b6f5e03faf4426149bdee84040.jpg,0.32668,1,1,0,1,1
0370597_jpg.rf.b1a06bb69753b7ce16de906015397b05.jpg,0.28857,1,1,0,1,1
0370604_jpg.rf.07d87228f051b25f95f8dfb1843617a9.jpg,0.44443,1,1,1,0,0
0371339_jpg.rf.f575729758f4bab59e4cb00135651e5c.jpg,0.33237,2,1,0,1,2
0373479_jpg.rf.d1318c3aea056ad8a03cc236053133f7.jpg,0.29248,1,1,0,1,1
0373538_jpg.rf.68568c987abb1026987dc415dbae77df.jpg,0.35905,1,1,1,0,0
0373552_jpg.rf.f49239a46c856e8dece7b0289539fe6b.jpg,0.292,1,1,0,1,1
0373935_jpg.rf.8b57431a447935f3448e32d356d849d3.jpg,0.30232,3,1,0,1,3
0373951_jpg.rf.3a5eb82043b579c89a3929b8c0a10814.jpg,0.33668,1,1,0,1,1
0373954_jpg.rf.75a818322bfa8ac84f451fae7a51d152.jpg,0.26814,1,1,0,1,1
0374153_jpg.rf.133fb5aafa57def45792482cd111726d.jpg,0.3616,1,1,0,1,1
0374307_jpg.rf.414de29a2b6f23fa39f1ea32d00bedad.jpg,0.37626,2,1,1,0,1
0374854_jpg.rf.567a03447d678ddead7f6cd6e98b8c0f.jpg,0.24618,1,1,0,1,1
0375289_jpg.rf.2babe16f05710938d4b578d1bc5fdd05.jpg,0.26081,3,1,0,1,3
0375795_jpg.rf.62ff87d10002e227eb83b60a8ceed89d.jpg,0.20731,1,1,0,1,1
0376356_jpg.rf.d07a1611783d2c930c7dfdfbbc1f8128.jpg,0.32159,1,2,0,2,1
0376447_jpg.rf.4bb83a47d3d8cc4b94ca266605d650cd.jpg,0.24235,2,1,0,1,2
0377446_jpg.rf.402f23def0f5db81517212404a3f73a3.jpg,0.29581,1,1,0,1,1
0377507_jpg.rf.45d09479979e5c49f53d73ac9bc655a2.jpg,0.28257,1,1,0,1,1
0377611_jpg.rf.8b3cd6ff10936e8fb5931cda3d08466c.jpg,0.35661,14,2,0,2,14
0378607_jpg.rf.0300eeb18d8cb2441f2d76379b9e8afd.jpg,0.35373,1,1,0,1,1
0378641_jpg.rf.566314548355a6b78999eb6cd1d707e5.jpg,0.30484,1,1,0,1,1
0386036_jpg.rf.c0ab8dbf955dfc8876e5e737856b364e.jpg,0.31278,1,1,1,0,0
0390881_jpg.rf.d7553b4eaa48f78812cdecac01903c68.jpg,0.26574,1,1,0,1,1
0390915_jpg.rf.f1d0c7d17a264bde8e983a6414df2b2b.jpg,0.38052,1,1,1,0,0
0391747_jpg.rf.7932557613e1049cbff6870f9115ceb4.jpg,0.29339,4,1,0,1,4
0391855_jpg.rf.539fed54a1297ab0e3861ee5abf29392.jpg,0.33389,5,1,0,1,5
0392014_jpg.rf.4f3b8e3d3504dbb202ddbf547b2a808e.jpg,0.31882,2,2,0,2,2
0392568_jpg.rf.089cc598b1cc72e5b5de4c306a413680.jpg,0.25454,1,2,0,2,1
0394900_jpg.rf.bee179638f773003edcafee4a95fd741.jpg,0.30451,1,1,1,0,0
0395354_jpg.rf.5ac1ea77fd5c2f5bd406470d320f9831.jpg,0.31217,1,1,1,0,0
0397796_jpg.rf.304db03d8ee932d1e06c659dcb7ce4e2.jpg,0.32437,1,1,0,1,1
0399260_jpg.rf.a7a924e3a45b0adc37beeb76f4183c80.jpg,0.22727,1,1,0,1,1
0399701_jpg.rf.3c8f58b98b776d0e940381be7d62a891.jpg,0.24265,1,1,1,0,0
0401855_jpg.rf.25692c64ddfae7c8eaa8a17d84b2d242.jpg,0.31042,1,1,0,1,1
0401960_jpg.rf.27825a15cd7a129b1d83ad898596c617.jpg,0.32229,1,1,0,1,1
0404679_jpg.rf.c30469eb9e845e3a83e79d0200b85e8d.jpg,0.32521,1,1,1,0,0
0407603_jpg.rf.d5dbc6ee7817fc7bd5df6155d42e9b33.jpg,0.40215,1,1,1,0,0
0415287_jpg.rf.0dc7a6bb056bcd0e5ee8a4c3613069d9.jpg,0.36179,1,1,0,1,1
0417761_jpg.rf.43327af6f98a72b6ffe1503324e38af2.jpg,0.31425,1,1,0,1,1
0418980_jpg.rf.9e39c9f6a35be135e44ebc8970e397a1.jpg,0.32944,2,1,0,1,2
0419146_jpg.rf.a90f7fb7f44a3d881d290d908da7da0c.jpg,0.32598,1,1,0,1,1
0422851_jpg.rf.0f35702f80bccc3d7a4ebd51251732a1.jpg,0.27056,1,1,0,1,1
0422882_jpg.rf.650cf75815989fc0fc30b2b57387db1b.jpg,0.33105,1,1,0,1,1
0432291_jpg.rf.34d327164af989dd94f0b04f5612107f.jpg,0.27527,2,1,0,1,2
04969_jpg.rf.ae20273bb5df9789d1a4a34157020892.jpg,0.34011,2,1,0,1,2
1083_data_jpg.rf.bca63b1de289f53296974059edc3e4b5.jpg,0.3783,3,1,1,0,2
1162_data_jpg.rf.6864ac39a7053d4f92ab58d0d2c3814c.jpg,0.35124,3,1,1,0,2
1211_data_jpg.rf.c0cb119de4793f316e9995ef5d59b9c1.jpg,0.34203,1,1,0,1,1
1411_data_jpg.rf.ffcbd27f80362546bc559a7f89c8a896.jpg,0.38281,1,1,0,1,1
1458_data_jpg.rf.6146cb94bd8ff545fef0998b393c7a3a.jpg,0.39311,2,1,1,0,1
14609_jpg.rf.983cf6beea6ec85a5cb2a8736fd70811.jpg,0.30104,1,1,0,1,1
30064_jpg.rf.243f7eae553f339442e0b78c57150cf5.jpg,0.28308,1,1,0,1,1
546_data_jpg.rf.c34f22ae3e5be18e2e5ed5346108e678.jpg,0.33213,1,1,0,1,1
913_data_jpg.rf.342e648b5e4d1136238b37ebfd4468af.jpg,0.33332,1,1,0,1,1
988_data_jpg.rf.f920d49a959dd8075a4fd7abb012addd.jpg,0.39165,2,1,0,1,2
E_001043_jpg.rf.34aa55850801e3d405357382b3da7805.jpg,0.38616,5,1,0,1,5
E_001513_jpg.rf.232ce596a9fbb7499b11d0404c80a983.jpg,0.28275,1,2,0,2,1
E_001825_jpg.rf.cd3ae5bb24009b3fede3bd93a1e6b6d5.jpg,0.2876,3,1,0,1,3
E_003349_jpg.rf.5a56baa3f53e88ba7108ea650da530dd.jpg,0.30939,2,1,0,1,2
E_003352_jpg.rf.a00a28a0b1466102240de7df7fc0a688.jpg,0.27087,1,1,0,1,1
E_003367_jpg.rf.f488b1dea02b80445274711099ed0463.jpg,0.2983,2,1,0,1,2
E_003369_jpg.rf.ff7ab884f50ead521026dc0f6dc48410.jpg,0.33555,1,1,0,1,1
E_003371_jpg.rf.2cb1006905338be9663b5c79a690cfff.jpg,0.3018,2,1,0,1,2
E_003378_jpg.rf.fbcaca01451f61e7123d47830e5a1199.jpg,0.28889,1,1,0,1,1
E_003445_jpg.rf.4dec0c09b4494f9ddb0f27682246f622.jpg,0.31575,1,1,0,1,1
E_003460_jpg.rf.67d826dbc1e94302f8f37fbf4a8beffd.jpg,0.30689,7,2,2,0,5
E_003463_jpg.rf.f57a46596ba7c7a931ebf88c854297f0.jpg,0.24729,1,1,0,1,1
E_003476_jpg.rf.def7b912aa47d8c80f5e7b4368829a2b.jpg,0.22395,1,3,0,3,1
E_003481_jpg.rf.d2dba7706ec827842189b033d6a6cf3d.jpg,0.26428,1,1,0,1,1
E_003484_jpg.rf.ddc4d037cd6db4bf8a6b5bf373527631.jpg,0.24705,1,2,0,2,1
E_003496_jpg.rf.04ec14337e6e1d829edc406716823b4e.jpg,0.25938,2,1,0,1,2
E_003501_jpg.rf.fb4d797b3cf1e59a0b1f316244666aea.jpg,0.18186,1,1,0,1,1
E_003506_jpg.rf.7d2d290e8d5af6db46d1d429692568ab.jpg,0.24225,2,2,0,2,2
E_003514_jpg.rf.b9b2cd254e35b6016c7fae7961099ce1.jpg,0.27553,1,1,0,1,1
E_003547_jpg.rf.d588b29754326743fa0c66829e364b19.jpg,0.34275,7,1,0,1,7
E_003562_jpg.rf.746a8dcd089619cde0cbdabe5a1df3df.jpg,0.15932,1,1,0,1,1
E_003571_jpg.rf.34b40a71683add8153a4497998868ad8.jpg,0.21381,1,2,0,2,1
E_003601_jpg.rf.80f9d4812f2cfd9c1097fe6393db96d2.jpg,0.26703,1,1,0,1,1
E_003637_jpg.rf.deb1f0cc8ebca6767ea1c265231ff5f5.jpg,0.29657,2,1,0,1,2
E_008742_jpg.rf.b7a47114fd80339b158d413423757427.jpg,0.30715,3,1,0,1,3
E_009752_jpg.rf.4aa45eb68b970e0ae5a0894929a3a526.jpg,0.37877,5,1,0,1,5
E_010234_jpg.rf.beb1b102a45b28cd22df66ad4ed9fd28.jpg,0.28457,2,1,0,1,2
E_010981_jpg.rf.d37b3a5289bae92dcd828ff46bd50c06.jpg,0.3715,1,1,0,1,1
S_10000624_jpg.rf.083665b4c800aaeb680c29d0bfb66175.jpg,0.26059,1,1,0,1,1
S_10000780_jpg.rf.cdb221d06365a6df69880c84b80ee22b.jpg,0.31944,1,1,0,1,1
S_10003027_jpg.rf.6ee1f83acdfe418b89c4c3828f50585c.jpg,0.26493,1,1,0,1,1
S_10003343_jpg.rf.2f4e579341ec9517c38551fcc0e79504.jpg,0.33577,1,1,0,1,1
S_10003944_jpg.rf.30c965ebebb7990cc5de79f559bc4d80.jpg,0.28955,2,1,0,1,2
S_10003984_jpg.rf.a4bccc3cbb9a54357c83377867eeb8db.jpg,0.35002,2,1,0,1,2
S_10004193_jpg.rf.34b8631791212dd44802ba9ae0daeab9.jpg,0.328,2,1,0,1,2
S_10009626_jpg.rf.4147eada2b95fe6983e176aa9b06ace6.jpg,0.26608,1,1,0,1,1
S_10012851_jpg.rf.5410bf42fd80297aa5cdf694123dccb7.jpg,0.31568,1,2,0,2,1
S_10013802_jpg.rf.4487734a5384bc5d2acd08ae02a67f03.jpg,0.26684,1,1,0,1,1
S_10014415_jpg.rf.7d997c2bc1c72c1caabebc0f11f7921b.jpg,0.29335,2,1,0,1,2
S_10014595_jpg.rf.104058c559eac80eec3bce6429f3ceb4.jpg,0.29243,1,1,0,1,1
S_10015339_jpg.rf.760c8b307b1a3b625391e6d6b087f202.jpg,0.33977,1,1,1,0,0
S_10028829_jpg.rf.88a395eb20dabb717b480e358dd256cb.jpg,0.29251,1,1,0,1,1
S_10030524_jpg.rf.36b6af79c9e1a903e889f71c3ccf377c.jpg,0.26974,1,1,0,1,1
S_10030801_jpg.rf.7674ee1f653729867b8dd2a7b0294603.jpg,0.32303,1,1,0,1,1
S_10030960_jpg.rf.d5ff8b172c76a5f82a7d4d0caf53cf76.jpg,0.21615,1,1,0,1,1
S_10036003_jpg.rf.8517cd82f23faabe4f9c91c26b14388b.jpg,0.37056,1,1,0,1,1
S_10036525_jpg.rf.6c377bb26086aaa1384f5c875a18c16e.jpg,0.36337,2,3,0,3,2
S_10037095_jpg.rf.d14a0fa3fc02f089aa03193b18d94441.jpg,0.30045,1,2,0,2,1
S_10041652_jpg.rf.b6ee3328743b3d26d1fdfe87b9c07fa0.jpg,0.30923,2,1,0,1,2
S_10041707_jpg.rf.7a426e3612431b896493a92b9adf47b5.jpg,0.31994,1,1,0,1,1
S_10042686_jpg.rf.b841d9ffbc4fb2436382f541a64e4aa7.jpg,0.27415,2,1,1,0,1
S_10044504_jpg.rf.88a685c720a8508658025253e93402db.jpg,0.33636,2,2,0,2,2
S_10048124_jpg.rf.fa6ecc5e24fc50d5fff8c31d7043f185.jpg,0.28461,1,1,1,0,0
S_10058455_jpg.rf.72676875ad6adcd8d878535979f87735.jpg,0.2811,1,1,0,1,1
S_10059365_jpg.rf.ccf6ece051c30cdb6dd58fc69b54a429.jpg,0.29121,2,1,0,1,2
S_10059414_jpg.rf.d3485b2e4f83843a936a94e2e08dbec4.jpg,0.29497,1,1,0,1,1
S_10060033_jpg.rf.0471e4ff249040992cbb3939b75b917a.jpg,0.33591,1,1,0,1,1
S_10060761_jpg.rf.7b87b6a3dc229bf2ef9c07c20077b6c8.jpg,0.33323,1,1,0,1,1
S_10060905_jpg.rf.408fb431df5cf1ff4c12b4e52f5bd318.jpg,0.28596,1,1,0,1,1
S_10061806_jpg.rf.d4fe5cd875927306a12550e0fd32025f.jpg,0.32747,1,1,0,1,1
S_10062239_jpg.rf.7fbc8cd4eaf8f919a66f898ed5cb7b03.jpg,0.30265,1,1,0,1,1
S_10062254_jpg.rf.e62d121086c5a3ddec927027297765a2.jpg,0.24343,1,1,0,1,1
S_10067452_jpg.rf.fa47c53e89c549f23a8c5860fa5fb28f.jpg,0.37747,2,1,1,0,1
S_10097010_jpg.rf.929b4ee957854c97b71d2b68cdf1b562.jpg,0.40905,2,1,1,0,1
S_10097080_jpg.rf.a895573efca6dacd927bd0fd968ff349.jpg,0.26861,1,1,0,1,1
S_10097173_jpg.rf.809b753016212b91687111437c2f8c45.jpg,0.37574,1,1,1,0,0
S_10097217_jpg.rf.4b4ae8b5dc79cb49aee0a65618f4a028.jpg,0.28097,1,1,0,1,1
S_10097263_jpg.rf.3a55e29a34b3245c3701f73c531c147b.jpg,0.23212,1,1,0,1,1
S_10098442_jpg.rf.b1d988a8f778abc8ff42f23a7b9f92bc.jpg,0.38331,2,1,0,1,2
S_10100613_jpg.rf.f3d57c11b13ef474b05f8010d4cca3aa.jpg,0.32556,3,1,0,1,3
S_10100831_jpg.rf.bd6dcadb6b2af2ae9e87ee1b865761ad.jpg,0.38766,1,1,0,1,1
S_10100866_jpg.rf.22d77df833dc265fc9e23d5406d0a266.jpg,0.35097,1,1,0,1,1
S_10101020_jpg.rf.80bdaab6593c21e263c45ce1f5e8fd43.jpg,0.32113,1,1,0,1,1
S_10102041_jpg.rf.0243ff2de9cef3650e678104b9e0713d.jpg,0.28194,1,1,0,1,1
S_10102049_jpg.rf.566acf48d14cbe2a7f064377215b721c.jpg,0.25176,1,3,0,3,1
S_10103268_jpg.rf.29283831750239e87096db9c1113db34.jpg,0.2894,1,1,0,1,1
S_10105773_jpg.rf.e0d0284c728dc1fe2b6cc6cf1f65dc23.jpg,0.3357,1,1,0,1,1
S_10106838_jpg.rf.21e389e92b6b37c43ed499dfbe4c1bbf.jpg,0.26664,3,1,0,1,3
S_10107271_jpg.rf.0bec44c49e5000390d7efedc7281d1f9.jpg,0.39133,1,1,1,0,0
S_10107297_jpg.rf.85e0c83cc0ccfae72c0f73efee5d27a6.jpg,0.30758,1,1,0,1,1
S_10108142_jpg.rf.3e629c2a7b788ae91a6f232c3b40a5c0.jpg,0.25216,2,1,1,0,1
S_10138157_jpg.rf.eed7b099ee7edac7e148afe97a764bf3.jpg,0.42507,1,1,1,0,0
S_10149412_jpg.rf.7572b8cd3b3ef17d2f74528d8e789477.jpg,0.31418,3,3,0,3,3
S_10149722_jpg.rf.2820a198ab55fc87ebf0e1aece46a2e6.jpg,0.32291,3,2,0,2,3
S_10157087_jpg.rf.c6e8bac6055b9c3ab3c3ab0dda400721.jpg,0.30295,3,1,0,1,3
S_10193060_jpg.rf.a76c0475929fda56d7629fb51b1458fb.jpg,0.22205,1,1,0,1,1
S_10194627_jpg.rf.00b59fb2a68aac4095f8032677716a18.jpg,0.23016,1,1,0,1,1
S_10214153_jpg.rf.c303bb0cd6606a164ad38f83f51d4664.jpg,0.28918,2,1,0,1,2
S_10215884_jpg.rf.108927e11c2db579bf7a5a7a098ea1b7.jpg,0.2888,2,1,0,1,2
S_10216431_jpg.rf.df5fa3993e522e89c099138ebff11977.jpg,0.2488,1,1,0,1,1
S_10275137_jpg.rf.f23ccbf7cb099b8c31c9d50d00765073.jpg,0.31102,1,1,0,1,1
S_10277765_jpg.rf.0db6beb8abc73eb3cd661a8e3b864b13.jpg,0.26345,1,1,0,1,1
S_10278285_jpg.rf.70eadade577912531db0b6ec397d46d1.jpg,0.34326,3,1,0,1,3
S_10279440_jpg.rf.61b3927b5ab1fbee019474813bd978bf.jpg,0.27263,3,2,0,2,3
S_10279448_jpg.rf.12e1315a51f47fe43e7047c0c7d6b80b.jpg,0.39671,1,1,1,0,0
S_10285154_jpg.rf.8ad637da04d53f0bab0c70522292f73d.jpg,0.37482,1,1,0,1,1
S_10289532_jpg.rf.542add1fcc7d49a86dd228c42c5fb5ca.jpg,0.28082,1,1,0,1,1
S_10292398_jpg.rf.ebd69683566a2d8330818820544303e3.jpg,0.30206,1,1,0,1,1
S_10293255_jpg.rf.60cecd83450946cae5b43e743ef48cf6.jpg,0.28565,1,1,0,1,1
S_10296553_jpg.rf.8d7d9ec999ca411428feb103f576929d.jpg,0.30671,1,1,0,1,1
S_10297398_jpg.rf.d4f835db2ecb8b99ee27dff5f6372a62.jpg,0.34677,3,1,0,1,3
S_10297399_jpg.rf.8fe4dcafc1df7dc02555dfb2bd887b65.jpg,0.36228,3,1,0,1,3
S_10301595_jpg.rf.64afffe4a605da6493e3ed253313d337.jpg,0.36294,2,1,0,1,2
S_10302290_jpg.rf.dca8481b4fd90348d95b3b7ac38a6776.jpg,0.43337,1,1,1,0,0
S_10307960_jpg.rf.72a0acb2a71441fa2854bb8aae19ebef.jpg,0.36316,2,1,1,0,1
S_10308447_jpg.rf.ea82d2ba7f40cf055a4ade9a35f1840d.jpg,0.34446,1,1,0,1,1
S_10308504_jpg.rf.dbbc00baa8c8e7d09bbd055609ba20fb.jpg,0.27968,1,1,0,1,1
S_10308875_jpg.rf.f0891cdbaa5793b5ed838b1828c11cd2.jpg,0.31099,2,1,0,1,2
S_10309550_jpg.rf.a71e900593919afd305437328f3003ab.jpg,0.28592,2,2,0,2,2
S_10309618_jpg.rf.b2526c8036c24c51b83a6718cc593b33.jpg,0.31575,3,2,0,2,3
S_10309738_jpg.rf.00a7977acbb8303504cc1ac184d39240.jpg,0.29805,1,1,0,1,1
S_10310519_jpg.rf.485b042f47ba025487a3cb1c4608f0e8.jpg,0.32905,3,2,0,2,3
S_10310535_jpg.rf.e5aa8c9576579002071434a3106f98bf.jpg,0.37141,3,1,0,1,3
S_10310744_jpg.rf.66e5ffc815fd1198c264664bf942100c.jpg,0.35845,5,1,0,1,5
S_10310749_jpg.rf.650e00e184fa74694784133aaac8201d.jpg,0.38169,2,1,0,1,2
S_10311872_jpg.rf.523da71f5dead29563667058d3af12b9.jpg,0.30632,3,2,0,2,3
S_10312737_jpg.rf.25e49a4790f8c56f539ce9b06d0006a0.jpg,0.25527,1,2,0,2,1
S_10313742_jpg.rf.9c41dcfcc3cf44948111ca60adb94254.jpg,0.2818,5,1,0,1,5
S_10316378_jpg.rf.5bbc252590996440c24355187a52c7af.jpg,0.28079,1,1,0,1,1
S_10317012_jpg.rf.a6877b70f4cab504231a06bdedf2d513.jpg,0.35913,2,1,1,0,1
S_10331199_jpg.rf.9766c3691712dd7caad6a892c86b297a.jpg,0.26566,3,2,0,2,3
S_10331276_jpg.rf.87b64e7347634424b65830af9257b2ff.jpg,0.29744,1,1,0,1,1
S_10331308_jpg.rf.0e4c1e76c1e18f4fefe197c44c531a96.jpg,0.32418,1,1,0,1,1
S_10331615_jpg.rf.e61a5191781058765856db09331c9262.jpg,0.28431,1,1,0,1,1
S_10337881_jpg.rf.f7fe2102b32b6919b9b74a753e42c27d.jpg,0.29644,1,1,0,1,1
S_10337984_jpg.rf.d74e6a456026aaff981e2bead6785060.jpg,0.26768,2,1,0,1,2
S_10339437_jpg.rf.6cf3239f1abf2fb1ae9711d4191b0cfd.jpg,0.31984,4,1,0,1,4
S_10339608_jpg.rf.4ea1b72d656c6e9c010039c0d3efcc3a.jpg,0.30752,2,1,0,1,2
S_10340454_jpg.rf.d2a5c96e0e7adfb49801e486d5a61bb3.jpg,0.29188,1,1,0,1,1
S_10340608_jpg.rf.0022aacaea7af84e87054b6f5e03a8b5.jpg,0.32777,2,1,0,1,2
S_10340618_jpg.rf.bfc90c330521158c1d340e6c5bf2a1e4.jpg,0.34465,3,1,0,1,3
S_10347014_jpg.rf.1cd8ee82672a64335927df06d530866d.jpg,0.34042,3,1,0,1,3
S_10347146_jpg.rf.817657584d77f102eb04feb01aca7d51.jpg,0.34588,1,1,0,1,1
S_10347158_jpg.rf.7a641496186f92bf360791617e527ff0.jpg,0.2895,1,1,0,1,1
S_10360799_jpg.rf.d95246913295d6840f221f1649f3b6b6.jpg,0.19981,1,2,0,2,1
S_10369839_jpg.rf.1bc10ae7c66ed648af5e0db823d20ab8.jpg,0.37383,1,1,0,1,1
S_10369887_jpg.rf.909b480285aedc9af81fcf04c29d54fc.jpg,0.29464,4,1,0,1,4
S_10369947_jpg.rf.88c23dec194dd1f7ec3db46b8efe6e8b.jpg,0.24644,1,1,0,1,1
S_10370027_jpg.rf.2f6ee30e8eb4f9b390af37cd4f40256d.jpg,0.21412,1,1,0,1,1
S_10376172_jpg.rf.6966ee304c735da47a18f402a81b1446.jpg,0.3019,1,1,0,1,1
S_10376271_jpg.rf.98de5f047e141d833cce7e9a97458bac.jpg,0.24905,3,1,0,1,3
S_10376353_jpg.rf.e3bc0fd83515346dc87cf041926f835c.jpg,0.30666,1,2,0,2,1
S_10376826_jpg.rf.21bb21893de6b7203afbb7777c7fc2ec.jpg,0.20903,1,2,0,2,1
S_10376917_jpg.rf.69e2e1163da1a3fdf44e0d3b1ba39534.jpg,0.25107,1,1,0,1,1
S_10376925_jpg.rf.e2b4fdba505c32372a3fa6b6c3ea00d1.jpg,0.27689,1,2,0,2,1
S_10377021_jpg.rf.c3d696a66d8eb54750825e24b0923df4.jpg,0.323,2,1,0,1,2
S_10377758_jpg.rf.863e7ad8ade3e96b9876a63efc6f3435.jpg,0.27392,1,1,0,1,1
S_10377803_jpg.rf.644c0d242e8efa81cabfb370b3dae8ea.jpg,0.27602,1,1,0,1,1
S_10377881_jpg.rf.7b95d82a30124f250f390b3354bb021a.jpg,0.29135,1,1,0,1,1
S_10378000_jpg.rf.4975cd0e4a2caf9933690913c1df4b52.jpg,0.30355,2,1,0,1,2
S_10378125_jpg.rf.cc7fabb58510bc70a4de54a123a87364.jpg,0.27094,2,2,0,2,2
S_10378252_jpg.rf.a23ca8be430ea76d4d6dbb801cb2831c.jpg,0.22754,1,2,0,2,1
S_10378256_jpg.rf.30e03914bcda2580a1f2b7e0582699ea.jpg,0.30677,1,1,0,1,1
S_10386842_jpg.rf.f5796b4c037517038aa029e0bb5f6b88.jpg,0.33965,1,1,0,1,1
S_10389807_jpg.rf.7058a35b0db4a5837d8c4a2d5f614a3d.jpg,0.27248,1,2,0,2,1
S_10389922_jpg.rf.3ee266390ab41c900cd578aa4da0288c.jpg,0.33712,4,1,0,1,4
S_10392159_jpg.rf.ce2ca1ffe90e545b0fa8bf2529133d29.jpg,0.26433,1,1,0,1,1
S_10392700_jpg.rf.5f3ff0dbc43e550cea44893a7aef974c.jpg,0.26679,1,1,0,1,1
S_10392773_jpg.rf.2a494c440951a37afed8b5f668f7658f.jpg,0.24989,1,1,0,1,1
S_10397209_jpg.rf.464b18bdc46bba1f65a20e6384611714.jpg,0.31183,1,1,0,1,1
S_10412730_jpg.rf.a241f64047127bd463e916bbf9a3ebf8.jpg,0.31809,1,1,0,1,1
S_10416770_jpg.rf.2945d720417eec1747bb1e4a170d0eca.jpg,0.30872,2,1,0,1,2
S_10420838_jpg.rf.049ee50256a516f39df3bfb13b11b577.jpg,0.29207,1,1,0,1,1
S_10427650_jpg.rf.39fd187c1e0264c9a8ca53b822b50956.jpg,0.29129,2,1,1,0,1
S_10428880_jpg.rf.bf6b3f8bb6a3f95c347d046a8d6d67a9.jpg,0.3125,4,1,0,1,4
S_10428886_jpg.rf.58fa551c1cff687f938f9b7bba844d43.jpg,0.37038,4,1,0,1,4
S_10433106_jpg.rf.08b28eea375bc1f4c90eeee88d51797e.jpg,0.37364,5,1,0,1,5
S_10433155_jpg.rf.0fab07d32d2985d5c886a6af56606837.jpg,0.35521,1,1,0,1,1
S_10434796_jpg.rf.a18f415e5971a5dc60758199d8ac1bd0.jpg,0.28468,1,1,1,0,0
S_10436259_jpg.rf.f9b328428dec0bfc2d618c4fffa838af.jpg,0.32652,1,1,0,1,1
S_10459509_jpg.rf.323510f9fc7babc7feb698502408cfcb.jpg,0.31243,1,1,0,1,1
S_10462019_jpg.rf.8003204605af078e73a266266ea035e6.jpg,0.21942,1,1,0,1,1
S_10466167_jpg.rf.16aa0b4bd7dd55a7426ee580b54a5f51.jpg,0.27451,1,1,0,1,1
S_10469223_jpg.rf.4823c4dd8f3cc5f0434914ece9aeb4cb.jpg,0.30215,1,1,0,1,1
S_10476056_jpg.rf.85b9291455c26732062026216a64d0ed.jpg,0.35168,2,1,0,1,2
S_10477169_jpg.rf.d2035116003452da2a057b2bfcbfdd3b.jpg,0.25295,1,1,0,1,1
S_11001660_jpg.rf.ab95a9405f222c41c795738e9fb89289.jpg,0.27485,1,1,0,1,1
S_11001682_jpg.rf.c002b14f141d0e3d4ce7ae494f4d219c.jpg,0.30885,1,1,0,1,1
S_11004822_jpg.rf.55b12ab53dc538217332e848aaaa0089.jpg,0.28549,1,2,0,2,1
S_11005081_jpg.rf.0ecd9a0002d0f5807547cd533d16be93.jpg,0.32536,1,1,0,1,1
S_11005093_jpg.rf.6b7dbf41c1e1420f27a32b887774ff1c.jpg,0.27942,1,2,0,2,1
S_11006632_jpg.rf.0809cdd3c7efcc4e0bf58f9c88625956.jpg,0.28146,1,1,0,1,1
S_11007004_jpg.rf.ddac2539c92417968eeaf5c11b20d1c6.jpg,0.27424,1,1,0,1,1
S_11007283_jpg.rf.3bbd18c30731830cfcf649b0ae919104.jpg,0.36448,3,1,0,1,3
S_11008543_jpg.rf.8b755edd51a006088a387f865f38aa31.jpg,0.31289,1,1,0,1,1
S_11023280_jpg.rf.a5a3e83411c955306fdb55915b6fb733.jpg,0.31905,1,1,0,1,1
S_11023911_jpg.rf.6617690a0b7885633fedb5dc4e29b6f6.jpg,0.36173,1,1,0,1,1
S_11025055_jpg.rf.19888587be1d630fda995c845ef1249e.jpg,0.29428,1,1,0,1,1
S_11030806_jpg.rf.8ec272da1070f6d755b6fde62c3ea95b.jpg,0.29841,1,1,0,1,1
S_11030915_jpg.rf.9cc52b0602bad8b11bd8c360246bb563.jpg,0.31605,1,1,0,1,1
S_11031683_jpg.rf.50c5fb558da1648fecb862b658e58f0b.jpg,0.2974,2,1,0,1,2
S_11031969_jpg.rf.177ef71a76148d7c9d65ae8a4e00a9b6.jpg,0.21999,1,1,0,1,1
S_11032471_jpg.rf.670a58a5cfc7aa468468bc273171938a.jpg,0.25038,1,2,0,2,1
S_11035385_jpg.rf.afee66cda81d76f3ef82ad56ed1c020a.jpg,0.29051,1,1,0,1,1
S_11036362_jpg.rf.d1b8c06881cf784ffeae5678a95e239c.jpg,0.31358,1,2,0,2,1
S_11036403_jpg.rf.7034f3e5e0147a1f72326e3aba862ff7.jpg,0.30687,1,3,0,3,1
S_11040548_jpg.rf.96e5d1462b7b7f2516469b0bca1a4e82.jpg,0.3362,1,1,0,1,1
S_11041319_jpg.rf.bc035177c2b2909fda14c37ca7f07880.jpg,0.28355,2,1,0,1,2
S_11041662_jpg.rf.be467158615e7e9c4f8e23b72ca6be9e.jpg,0.24613,1,1,0,1,1
S_11041732_jpg.rf.b38abf3536fb86c969350b94dba36a73.jpg,0.27926,1,2,0,2,1
S_11043926_jpg.rf.8f3e8eed69d8f3a761d3a1b5365291e1.jpg,0.28326,1,1,0,1,1
S_11043955_jpg.rf.0575ab4e88307d8edf2498c3e5eefc38.jpg,0.27997,3,1,0,1,3
S_11044775_jpg.rf.d873c28d4cd6a02094085ec5a0bfb0d7.jpg,0.29695,1,1,0,1,1
S_11044923_jpg.rf.f6bcaf63d7b77257c3894526240027cb.jpg,0.23364,1,2,0,2,1
S_11047353_jpg.rf.b2c9b0914be18fa25a94fa912b0e4326.jpg,0.25683,1,1,0,1,1
S_11047359_jpg.rf.dd7273242de28d1c3d64e1b26301f1a4.jpg,0.25193,1,1,0,1,1
S_11047364_jpg.rf.f65f2b7ca1ca38e75d91596fd2d32961.jpg,0.31058,1,2,0,2,1
S_11047421_jpg.rf.e4718a7c505f681832475d6d9b712fb6.jpg,0.30323,2,1,0,1,2
S_11047446_jpg.rf.f388d493916a715561f44a73606d544a.jpg,0.28407,1,2,0,2,1
S_11047637_jpg.rf.baf2108135676fc95d2ebaf35d51ce98.jpg,0.29175,1,1,0,1,1
S_11048210_jpg.rf.b6ed3c8489cc5399c6d8b576a51eaad5.jpg,0.23033,2,1,0,1,2
S_11048216_jpg.rf.28d650136d398f524c9ab38c2a5c50ae.jpg,0.22268,2,1,0,1,2
S_11048358_jpg.rf.aed68bdc80741a22ceaab2bf6e71e232.jpg,0.27947,3,1,0,1,3
S_11048431_jpg.rf.7e401d3fc50e4c6e9138ceb3318d84b3.jpg,0.27651,3,1,0,1,3
S_11048434_jpg.rf.24d14ef1422149f373b12c550da77c03.jpg,0.23331,6,1,0,1,6
S_11048871_jpg.rf.083cfe79eb18910a972dd035b46725d1.jpg,0.22448,1,1,0,1,1
S_11049609_jpg.rf.d2c0db01a0907abba650bd397ea447e5.jpg,0.22529,2,1,0,1,2
S_11049851_jpg.rf.295bd6b8a3c0f227dda5b66d06d93e65.jpg,0.22142,1,1,0,1,1
S_11050459_jpg.rf.a98f3402229241edb49a5357b914311d.jpg,0.25079,1,1,0,1,1
S_11050460_jpg.rf.e375d9e7b84feffbc686ca69a596d693.jpg,0.269,2,1,0,1,2
S_11065402_jpg.rf.2b0dab0e8fda5755a804de1f736b6d20.jpg,0.38243,1,2,0,2,1
S_11065633_jpg.rf.a97055b49c239fd3a646ad4f09b539ec.jpg,0.27787,3,1,1,0,2
S_11065938_jpg.rf.d74ac09d4ab7f77aaef66f6863cbc08a.jpg,0.26097,5,1,0,1,5
S_11065998_jpg.rf.e783bb942dfc55e8b9c6bb5c7d1c511d.jpg,0.29415,1,1,1,0,0
S_11066185_jpg.rf.4e7f2b1ad11392a27de616fe6465948f.jpg,0.29267,3,1,1,0,2
S_11066209_jpg.rf.7a3f868ceb02103c5179ed75ca05f839.jpg,0.23974,2,2,1,1,1
S_11066240_jpg.rf.ba7cb3b87036e82aac78dd34461c19bd.jpg,0.2829,1,1,1,0,0
S_11066252_jpg.rf.e95a07afab0cff85fd27ab9eccec1a2f.jpg,0.28349,3,1,1,0,2
S_11066276_jpg.rf.b3732be81d5c08010b328b88b798d5d8.jpg,0.25564,1,2,1,1,0
S_11066294_jpg.rf.4259ad11c66c1c099768391163c4cdda.jpg,0.2355,5,1,1,0,4
S_11066432_jpg.rf.c78e1e49f7f0eec33892e14b049754bb.jpg,0.25273,3,1,0,1,3
S_11066535_jpg.rf.8cca58a3b667b2cd5136cfd5433c3652.jpg,0.21443,1,1,1,0,0
S_11066781_jpg.rf.9d44c154ee101b3e2dce03c5bfaf4d67.jpg,0.25071,1,2,1,1,0
S_11066783_jpg.rf.217ca566a6b2c09759b22ba45cacce0b.jpg,0.28524,2,1,0,1,2
S_11067582_jpg.rf.f9567a00e5dbc9e289462bc11d042213.jpg,0.28527,1,1,1,0,0
S_11067586_jpg.rf.92a42a9fd569f97757aab46e8a309e60.jpg,0.28422,1,1,0,1,1
S_11067608_jpg.rf.0339cc18d41ea94d02ee3117062fc630.jpg,0.31825,4,1,1,0,3
S_11067880_jpg.rf.79077cc2c286828c8b4bb5bc0627e828.jpg,0.25069,1,1,1,0,0
S_11069287_jpg.rf.e9847730cf86b7dde3230a89aaf0442c.jpg,0.31768,1,1,1,0,0
S_11073352_jpg.rf.8e0c792036d6ee7dce8048c44540ad17.jpg,0.31543,1,1,1,0,0
S_11073368_jpg.rf.7ebe0558b9525c1ed792b408dcc86a09.jpg,0.24462,1,1,1,0,0
S_11073426_jpg.rf.62ddbca74bb507d7f2e6ec5c18949b79.jpg,0.35852,1,1,1,0,0
S_11073434_jpg.rf.e1343139c43b4c9bc50212cd8d5ac8ba.jpg,0.25745,2,1,1,0,1
S_11073442_jpg.rf.44249c2832af669732ba49b5373f972c.jpg,0.25463,3,1,1,0,2
S_11073449_jpg.rf.619de8aba683d5dd0e63fc6891cce4e7.jpg,0.28045,1,1,1,0,0
S_11074100_jpg.rf.8f84b243547b40ef346b483e101fe781.jpg,0.31994,2,2,2,0,0
S_11074130_jpg.rf.8f208df3a5184b496293caeca593f0b8.jpg,0.33443,6,1,0,1,6
S_11080359_jpg.rf.8ad4f60f8b0d950fbe3ed6a2e76872d3.jpg,0.26619,7,2,0,2,7
S_11080365_jpg.rf.c7c496d2cf24dbef036e590b095a3d8b.jpg,0.27112,5,1,0,1,5
S_11080426_jpg.rf.90f2ab020b69c0fbf9b580f821806c43.jpg,0.26426,1,1,0,1,1
S_11081160_jpg.rf.9beb28e03b8495dda9df40ac48820a35.jpg,0.27136,1,1,0,1,1
S_11081248_jpg.rf.fa135b8009e85788270ff3b473ff9bb0.jpg,0.26813,3,1,0,1,3
S_11082892_jpg.rf.fa01cbfe6193749ae8837aa41431b84e.jpg,0.40531,5,1,1,0,4
S_11083034_jpg.rf.d108ea039f98c03c97e5d41eadcd14a7.jpg,0.27259,2,1,0,1,2
S_11083475_jpg.rf.c399d4f64fa93d727b7416aa1a0f4a86.jpg,0.33916,4,1,0,1,4
S_11083531_jpg.rf.c75d8d199c87a9aa693c9cf3cb1494f9.jpg,0.33923,3,1,0,1,3
S_11085021_jpg.rf.8aa050dca7c1e6438f367df30a0009d3.jpg,0.30304,1,1,0,1,1
S_11085603_jpg.rf.1bceb3df6c59e4f77034b7d76c7b88a7.jpg,0.33833,4,1,0,1,4
S_11086305_jpg.rf.51e46b67039453a8c36425a57307e98c.jpg,0.22791,1,1,0,1,1
S_11086699_jpg.rf.53ae7969364a52b2364c1a7186ac999c.jpg,0.21546,1,1,0,1,1
S_11087104_jpg.rf.702163504f512ccc62ebf768e31ed8cc.jpg,0.28478,1,1,0,1,1
S_11087609_jpg.rf.9389335c09291003803f61d3fdae73d1.jpg,0.35427,1,1,0,1,1
S_11099280_jpg.rf.16072b4b909b0f5887c3368549e66a18.jpg,0.30687,1,1,0,1,1
S_11110867_jpg.rf.dd2292df23aa3425b0ae8075c00614b1.jpg,0.32894,2,1,0,1,2
S_11113517_jpg.rf.ebd7a0c23c4a33f97954ff88c3b13493.jpg,0.27125,2,1,0,1,2
S_11130595_jpg.rf.9635fae26bda3e7697100eb47de8fa50.jpg,0.29742,3,1,0,1,3
S_11130596_jpg.rf.f069b860aa497c33d1a3682cb626c0b1.jpg,0.27525,1,1,1,0,0
S_11144107_jpg.rf.b840f86759c91f9bebf4886594145fd6.jpg,0.3203,1,1,1,0,0
S_11144867_jpg.rf.5466c009bc1835ec50c52f5df6ed8ce2.jpg,0.38084,1,1,1,0,0
S_11146633_jpg.rf.2d5f02519d9bd76d93dba0bf8b1d02e8.jpg,0.30065,1,1,0,1,1
S_11152102_jpg.rf.8506059ec73cf76910c7039cc4fb3ff7.jpg,0.33073,1,1,0,1,1
S_11153314_jpg.rf.a3a900a2f34227f95ef9d2b3e178abbd.jpg,0.27782,1,1,0,1,1
S_11153563_jpg.rf.855473aa6a1ef5769ddef84323ab97b0.jpg,0.26963,1,1,0,1,1
S_11153597_jpg.rf.e381229e31179e4c2a3be1b6547eb97c.jpg,0.25578,6,1,0,1,6
S_11154034_jpg.rf.a850f335cb9b823758bbed772deb21df.jpg,0.27157,1,1,0,1,1
S_11154074_jpg.rf.62c6146d47f96029ff3b35c6bf77704f.jpg,0.30801,1,2,0,2,1
S_11155476_jpg.rf.79eeec8e414cf636b8577823a7e2e990.jpg,0.2478,2,1,0,1,2
S_11155506_jpg.rf.a4fb8dd84da98a83ba2ff571bbb3508d.jpg,0.3505,1,1,0,1,1
S_11156278_jpg.rf.2ae2726a9a7136178dac501266786a63.jpg,0.30555,1,1,0,1,1
S_11157016_jpg.rf.fc60b05cff070344c7f533a9e55ecaf2.jpg,0.23845,1,2,0,2,1
S_11158088_jpg.rf.fce0eb94d091fa25b68a0b4175894f5d.jpg,0.34727,5,1,0,1,5
S_11158747_jpg.rf.a6d1a218d2b2205641dae5e41019958f.jpg,0.3059,2,3,0,3,2
S_11159421_jpg.rf.1017a8ec82f2ed233c57cd14278df8bc.jpg,0.2231,2,1,0,1,2
S_11217143_jpg.rf.a0a19a0f066783b991e9cbab8f112e9d.jpg,0.31026,2,2,0,2,2
S_11222634_jpg.rf.9726b650b8637af34b5e6fb621859c6b.jpg,0.29927,2,1,0,1,2
S_11222840_jpg.rf.23f6ffd96fa03a9873f0762ba0384404.jpg,0.27163,1,2,0,2,1
S_11226205_jpg.rf.3f38834517b1acbc3b5c7b4122de3f9a.jpg,0.31153,3,1,0,1,3
S_11232700_jpg.rf.6631d9af7f165400ae813146fd2e0db3.jpg,0.19648,1,1,0,1,1
S_11235068_jpg.rf.e2c1da61882deedb38cd0736071d33ea.jpg,0.35477,1,1,0,1,1
S_11348865_jpg.rf.bcf89db66960c45709b71511ff0f8be7.jpg,0.30898,2,1,1,0,1
S_11351933_jpg.rf.ee69ec5804d19d2398bbae24c9511203.jpg,0.28094,1,1,0,1,1
S_11406562_jpg.rf.37af20fa10f13f474ce588e29ad95031.jpg,0.29396,1,1,0,1,1
S_11461602_jpg.rf.81487ca4da6532878097921324197a58.jpg,0.34199,3,1,1,0,2
S_11462538_jpg.rf.1eed3b45c751c300c588163c78f455f5.jpg,0.35248,3,1,0,1,3
S_11462570_jpg.rf.afd23bc7b3c2a5f0a590f930b404a8e7.jpg,0.28544,2,2,0,2,2
S_11462591_jpg.rf.8bb8799460bb12fb80b5a40033441c11.jpg,0.30118,1,1,0,1,1
S_11462616_jpg.rf.2491c175bd03440ef7f2c5856700b08a.jpg,0.3088,9,2,1,1,8
S_11462624_jpg.rf.3d1d9d27e5f10bbccdb968fdbb83035f.jpg,0.32651,7,1,0,1,7
S_11462646_jpg.rf.7b4e04e5b81b46293c950b53bbfd696f.jpg,0.35179,4,1,1,0,3
S_11462669_jpg.rf.84e7964214d63711a8924bdf13de52ef.jpg,0.22394,1,1,0,1,1
S_11462701_jpg.rf.8df2dc22bf90cc4887e10d9000440cf1.jpg,0.29653,3,2,1,1,2
S_11462738_jpg.rf.4b33ebd7c18bcddb4d341c1aa4d4a0de.jpg,0.38067,7,1,0,1,7
S_11462760_jpg.rf.6691d695b3d53c065a0c8a35ce86891b.jpg,0.28351,6,1,0,1,6
S_11462841_jpg.rf.41cd58b4435c966f8990a5350b3f86d5.jpg,0.30822,1,1,0,1,1
S_11462860_jpg.rf.b8a713cbd01f2cc7acbf34fd28286f09.jpg,0.35739,3,1,0,1,3
S_11462893_jpg.rf.fb4daf641fcdc4c7ef8b9a2fabca7eb2.jpg,0.37784,3,1,0,1,3
S_11462910_jpg.rf.d9d5ff2bca33a21a6e673c3cdede6557.jpg,0.27998,2,1,0,1,2
S_11462919_jpg.rf.9afa11acf1d09370d2712ed95fa56dec.jpg,0.27204,1,1,0,1,1
S_11462930_jpg.rf.c27d018159c9e5786226fd76d7d3b3c3.jpg,0.28087,2,1,0,1,2
S_11462961_jpg.rf.d2810defe8210253c1c00a0c0763dcce.jpg,0.28489,2,1,0,1,2
S_11463042_jpg.rf.14691ed98dda8920fc73889b4187454c.jpg,0.348,2,1,0,1,2
S_11463079_jpg.rf.218e572f063b3908e80bb8874a2b5dc2.jpg,0.33454,2,1,0,1,2
S_11463084_jpg.rf.4fdbaa0245c7bcbb5ffe8f0815b87af7.jpg,0.34928,2,1,0,1,2
S_11463086_jpg.rf.a6195bdcc577b095808456352b3ef923.jpg,0.30015,1,3,0,3,1
S_11463088_jpg.rf.4d9520d5eb2db1202860a060447a554a.jpg,0.3151,2,2,0,2,2
S_11463107_jpg.rf.47e5fcbcb38535ba7d7447c45f2d0203.jpg,0.3679,3,1,0,1,3
S_11463153_jpg.rf.c175d1ca5da3f9e71506abfbe38997d7.jpg,0.26666,2,1,0,1,2
S_11463160_jpg.rf.2363614a36d6a5c0c0f27997e96e1459.jpg,0.35001,3,1,0,1,3
S_11463222_jpg.rf.317f00e44d7a629035cab51d86b9dafe.jpg,0.26335,1,1,0,1,1
S_11463281_jpg.rf.d054ee7764403b446909a228cbc0281d.jpg,0.3319,5,1,0,1,5
S_11463282_jpg.rf.aa07f2e8bf23690541815c1e125132ba.jpg,0.28328,2,2,1,1,1
S_11463383_jpg.rf.15d051b996c0dd660e8ff0ef9cdfac32.jpg,0.38361,2,1,1,0,1
S_11463386_jpg.rf.d0176a1b01a6ba00825bc5e69a4d25d9.jpg,0.24379,1,1,0,1,1
S_11463395_jpg.rf.e491d00474d0b5b541a55c785e6bfd7e.jpg,0.32458,1,1,0,1,1
S_11463421_jpg.rf.9e967f5511d38f28e1ba05f348f33e32.jpg,0.29869,2,1,0,1,2
S_11463500_jpg.rf.bb4c17b0706c22e34ba79298dc0ef417.jpg,0.30724,2,1,0,1,2
S_11463546_jpg.rf.4ef7967bcd1fe4fc64480899034f9e24.jpg,0.32961,1,1,0,1,1
S_11463590_jpg.rf.3dc896ae7cd95bc10b2b285c17edd757.jpg,0.31552,2,2,0,2,2
S_11463621_jpg.rf.dd624b9f8db763b332a2bd41742d7135.jpg,0.21226,1,1,0,1,1
S_11463624_jpg.rf.7f6491941161399be0adb7261f206145.jpg,0.2823,1,1,0,1,1
S_11464199_jpg.rf.eabcb0ccc10bbb69b4c7c93d1133f1c0.jpg,0.29945,2,1,0,1,2
S_11502858_jpg.rf.8272edfaf4ebf59e4e24f259011fca41.jpg,0.29566,5,1,0,1,5
S_11504692_jpg.rf.5741d010e33060b92ce5ad4e48671ca7.jpg,0.27238,1,1,0,1,1
S_11504701_jpg.rf.48819e3fefd7a632b3db3838fc310f85.jpg,0.27584,1,1,0,1,1
S_11504724_jpg.rf.6254d3bf3a056dce88a31f90212ba3d3.jpg,0.26104,1,1,0,1,1
S_11504759_jpg.rf.86fcfde2032e5a40077ec8db0cbe02dd.jpg,0.27606,1,1,0,1,1
S_11504767_jpg.rf.91b892c65fce4f50816e4ab6278366a4.jpg,0.27185,1,1,0,1,1
S_11504775_jpg.rf.1ecaa31447e778ce5fbaa4f7acfce5c8.jpg,0.26057,1,1,0,1,1
S_11534063_jpg.rf.4e26173cd8d368714f8d916aef0cf2cc.jpg,0.37536,4,3,0,3,4
S_11545740_jpg.rf.a5996cc16369ed5e3191f3115fcdb924.jpg,0.33272,1,1,0,1,1
S_11613629_jpg.rf.45f0ec63e442b2e5b8ccca7b665e30da.jpg,0.38021,1,1,0,1,1
S_11624167_jpg.rf.c23200faed9815b6dbb253bbad798840.jpg,0.17718,1,1,0,1,1
S_11625910_jpg.rf.c7b5eb7b917e2ac2348e7d0eff7a4b03.jpg,0.36433,2,1,0,1,2
S_11625913_jpg.rf.31d95dd0a5cbedba589e062ee9d0c73b.jpg,0.28038,1,1,0,1,1
S_11625926_jpg.rf.9878c152952ec524bc52441a8b33ad04.jpg,0.28972,1,2,0,2,1
S_11626639_jpg.rf.22f042a20134f862c893e26561082ec1.jpg,0.23598,1,1,0,1,1
S_11627607_jpg.rf.c93cc57862c5c0517437b812415f3682.jpg,0.37971,1,1,0,1,1
S_11631689_jpg.rf.a2746f82e605deab985e511896b50cba.jpg,0.29124,1,1,0,1,1
S_11731040_jpg.rf.668c9bd03a9808cbd87c3558864d3afe.jpg,0.32225,1,1,0,1,1
S_11737071_jpg.rf.a3abc53add46888da54bd56bf431ce23.jpg,0.25235,2,1,0,1,2
S_11761111_jpg.rf.a41bb66217deb52e148390f9be56e765.jpg,0.26159,1,1,0,1,1
S_11763898_jpg.rf.b42bc21ab91ee7d5d4df909f0dc05e6d.jpg,0.3521,2,1,1,0,1
S_11768040_jpg.rf.2e505c41d19752b01f3c75bae855746b.jpg,0.28425,1,1,0,1,1
S_11769614_jpg.rf.cc6a53ab4bf461cd15ca3c70ca495600.jpg,0.26118,1,1,0,1,1
S_11769654_jpg.rf.2154dafd8d02a04c1446b5df06924ec4.jpg,0.34322,1,1,0,1,1
S_11833463_jpg.rf.52f5e790b03ab047d1f0e141bd029613.jpg,0.35113,4,1,0,1,4
S_11833473_jpg.rf.bcea6f433adce2f315e58c1a0af92fdc.jpg,0.3118,1,1,0,1,1
S_11833515_jpg.rf.5f6b8dde49a3cc1288f8c51a1c1b447c.jpg,0.2952,2,3,0,3,2
S_11833601_jpg.rf.48075af6e0e1a3177a8db79a807e2144.jpg,0.35762,7,2,0,2,7
S_11833619_jpg.rf.7eb891f27971439b6dfef52b7563b9ac.jpg,0.3473,1,2,0,2,1
S_11833635_jpg.rf.0cfbc7cbb6e7b983008943c8189d512e.jpg,0.34893,4,1,0,1,4
S_11833650_jpg.rf.9723d7d6b1a2d712e3f0e653398c1d87.jpg,0.35854,6,1,0,1,6
S_11833658_jpg.rf.6d5990ca81f6ef4e91e2f03f4f99c055.jpg,0.3011,7,1,0,1,7
S_11833662_jpg.rf.101f2f1c4e46a95da9560ba55745a0f6.jpg,0.29158,5,1,0,1,5
S_11833699_jpg.rf.e3e3b8ec262f19be1b7cfb1c3b90bc63.jpg,0.26631,1,1,0,1,1
S_11833702_jpg.rf.2c3dc18cb0a9c75790263c0c67118acd.jpg,0.31308,5,1,0,1,5
S_11833709_jpg.rf.4435105513f77bf7ec93b9e2325df2bf.jpg,0.34038,4,1,0,1,4
S_11833714_jpg.rf.c3bba4b003df79b2f94dfba2be86265b.jpg,0.34158,3,1,0,1,3
S_11833728_jpg.rf.12267aaa4d231cebefe68068608599fa.jpg,0.33786,14,2,0,2,14
S_11833731_jpg.rf.515c8715a950bd59b3b848abfcb6fec3.jpg,0.33227,6,2,1,1,5
S_11833755_jpg.rf.e8a48430c563e55e9512029f111a2b7a.jpg,0.29021,1,1,0,1,1
S_11833844_jpg.rf.5489d1eb3450e2f4ab6532e1efd81a8c.jpg,0.29753,3,1,0,1,3
S_11833854_jpg.rf.cbdd2085cfe25a6d46eccd9b8dd98f9f.jpg,0.36162,5,1,0,1,5
S_11833856_jpg.rf.f5c1ec160fc341b15578a8ebeaa5689a.jpg,0.33141,7,1,0,1,7
S_11833862_jpg.rf.676e3d3882133f488bb0342b470460fa.jpg,0.33293,2,1,0,1,2
S_11833944_jpg.rf.f0ce6bc10a070bb313ba717521f02909.jpg,0.35157,3,1,0,1,3
S_11834050_jpg.rf.7dc76e493e1346af41e63cfd5fcfe6f7.jpg,0.33811,8,1,0,1,8
S_11834765_jpg.rf.c70660e777a119af847289883633db91.jpg,0.30664,2,1,0,1,2
S_11841486_jpg.rf.b68279aa1253509c985aabe56b5e3edf.jpg,0.30626,14,1,0,1,14
S_11841529_jpg.rf.f4289845502b69374dfc273456f92238.jpg,0.39027,8,1,0,1,8
S_11841613_jpg.rf.16b91c4bc8bf99a24ecab14009f24f78.jpg,0.31246,12,1,0,1,12
S_11844946_jpg.rf.9462c58421b3705c2f4aa687c9deac75.jpg,0.23078,1,1,0,1,1
S_11845395_jpg.rf.6409766c09a555274ae18664f92564c2.jpg,0.35824,5,1,0,1,5
S_11846594_jpg.rf.2964580a17b8302d2935071f07343e40.jpg,0.35667,14,1,0,1,14
S_11848034_jpg.rf.516e8bd166bee5ab47215b60dfab75b5.jpg,0.33699,9,1,0,1,9
S_11854172_jpg.rf.a8f9cf1b95284891f7de7f00842de1c9.jpg,0.35973,1,1,0,1,1
S_11855448_jpg.rf.eae59bdd7dcd4df725650155054a62d5.jpg,0.28752,1,1,0,1,1
S_11858002_jpg.rf.91d9441a46f0a8a5bdfa9309e702d070.jpg,0.25159,2,1,0,1,2
S_11859015_jpg.rf.e2f15c5a7db45911d20bc56c40544846.jpg,0.31629,2,1,1,0,1
S_11860982_jpg.rf.0c1b80584136a210da8414cccbf61361.jpg,0.30635,1,2,0,2,1
S_11863639_jpg.rf.dcae36df3b37f717845fdaee2b137766.jpg,0.34266,2,1,0,1,2
S_11863974_jpg.rf.5c598dc00e6c2118e82916f560db0564.jpg,0.31449,1,1,0,1,1
S_11868315_jpg.rf.377ef48eabac7662a607a133aaad8284.jpg,0.31547,1,1,1,0,0
S_11869127_jpg.rf.290f70d7742a7297c5a25dbb65d11b02.jpg,0.26182,1,1,1,0,0
S_11870767_jpg.rf.f41e6313e46206f335ce85b4a8f041f5.jpg,0.29134,4,1,1,0,3
S_11870769_jpg.rf.b3c9b07c1a78b3d8f8be13d78bdd9b6c.jpg,0.30467,1,1,0,1,1
S_11882082_jpg.rf.2c05103552d20f61e77679973383a311.jpg,0.33573,2,1,1,0,1
S_11885038_jpg.rf.29c16152e6915e9caa22dc7b96b9ec5c.jpg,0.25187,1,1,0,1,1
S_11886078_jpg.rf.ea8d2727491ec67c6df51496a538c759.jpg,0.29209,1,1,1,0,0
S_11888779_jpg.rf.3ca9a0e0c4a9ae608d7f19e4532c00ff.jpg,0.28778,1,2,0,2,1
S_11895554_jpg.rf.87cbf5eff04356bcdf0dd0eef6283087.jpg,0.25368,2,1,1,0,1
S_11899120_jpg.rf.ef1a583c31f1e0571100213dbce5d29f.jpg,0.26928,1,1,0,1,1
S_11903603_jpg.rf.8139467db733e0c9ff1dd15fa1065ad9.jpg,0.27767,2,1,0,1,2
S_11905081_jpg.rf.5730b5dd32235d43b3d84451728b0195.jpg,0.27709,3,1,1,0,2
S_11906409_jpg.rf.2853525a49549852c506b7dd6eae9ff7.jpg,0.32887,4,1,1,0,3
S_11907175_jpg.rf.a5ca01eecfef78b01addc4044bc04c7e.jpg,0.33124,1,1,0,1,1
S_11917563_jpg.rf.2f998748c5bdd13ceafe2d734e2c6ee7.jpg,0.33556,5,2,1,1,4
S_11917595_jpg.rf.1701842e1230579cb29cf5d27c54d485.jpg,0.31361,8,1,0,1,8
S_11917644_jpg.rf.718c67035a4228dca1278e829e959540.jpg,0.34003,8,1,0,1,8
S_11917712_jpg.rf.6a9937ee1654857df34effccf6153165.jpg,0.3064,1,1,0,1,1
S_11917848_jpg.rf.a0a0033ff4443b41c27f6c7d25233afb.jpg,0.25872,3,1,1,0,2
S_11918423_jpg.rf.195947230c74cf0622ab4867c9b1156a.jpg,0.26904,1,1,0,1,1
S_11918774_jpg.rf.e1d2428aaac787aafe8546f169ed88aa.jpg,0.28231,1,1,0,1,1
S_11919034_jpg.rf.6dfd90a24d9da4e85461a4a1439cb9b4.jpg,0.29716,2,1,1,0,1
S_11922725_jpg.rf.04640e2c19eda17f2bb3ed61ecd766e8.jpg,0.26781,1,2,0,2,1
S_11922892_jpg.rf.8908666458068fb7dedd76b721cec0a7.jpg,0.2732,5,1,0,1,5
S_11922973_jpg.rf.64234d6fda392a905b738a3ef45c12fd.jpg,0.36552,2,1,1,0,1
S_11923999_jpg.rf.f6b1853d7006c4820012029435166402.jpg,0.26215,2,1,0,1,2
S_11924429_jpg.rf.f5ba26cc96206ca52a654b9662550e21.jpg,0.31342,1,1,1,0,0
S_11924869_jpg.rf.1a46c3fe123acb8845b78c3a343d9733.jpg,0.29656,2,1,0,1,2
S_11932179_jpg.rf.face85dbeb79a1dfa9ab89fe55467965.jpg,0.26149,3,1,1,0,2
S_11933630_jpg.rf.0bad324611fdda6ef199a4a3d9b71856.jpg,0.33419,2,1,0,1,2
S_11941539_jpg.rf.7fb7f7fe27a0e6ba8458d4899783eb89.jpg,0.28217,1,1,1,0,0
S_11942215_jpg.rf.832d05b0c7db21ab5a551a6a270e900d.jpg,0.28347,2,1,1,0,1
S_11942216_jpg.rf.92483161cf525c3fbad82be710ed1aa7.jpg,0.24864,4,1,1,0,3
S_11942217_jpg.rf.b2a944ee0396ef4e383a49fc57f55e58.jpg,0.26117,1,1,1,0,0
S_11943524_jpg.rf.0494986aa9eb64ad139a97e2c74069eb.jpg,0.28878,1,1,1,0,0
S_11945089_jpg.rf.9509923835c8895561292ecc228d4b65.jpg,0.39849,8,1,1,0,7
S_12000331_jpg.rf.0fe24098715524d85e3c03739d160549.jpg,0.23448,1,1,0,1,1
S_12003608_jpg.rf.759c110859514ff2691648f31b2a307e.jpg,0.34418,1,1,0,1,1
S_12020520_jpg.rf.050b0ec9a36edd043a446961a45d677f.jpg,0.34748,1,1,1,0,0
S_12027854_jpg.rf.aafd5ca1089101dbe0124975500b3590.jpg,0.26066,1,1,0,1,1
S_12058604_jpg.rf.f425ddb6f8ae8d127bee32688b52f521.jpg,0.25538,1,1,0,1,1
S_12081863_jpg.rf.99b7a5fd9a923a18da6fdfbffc7096fa.jpg,0.29405,1,1,0,1,1
S_12084494_jpg.rf.8872484b5df97e39e5abf200491f8025.jpg,0.34182,1,1,0,1,1
S_12084802_jpg.rf.b128f1bba9ed0ee035e5cb546aad9f60.jpg,0.32097,2,1,0,1,2
S_12085373_jpg.rf.391dc4ce4ad219b110ae614275005b6d.jpg,0.30894,10,1,0,1,10
S_12085912_jpg.rf.38d83c0020814c6fe8c4b05a80f00731.jpg,0.30941,1,1,0,1,1
S_12086236_jpg.rf.5258a37a68f67e6f3a8751988c1769cb.jpg,0.26109,1,1,0,1,1
S_12091269_jpg.rf.e1a4848fa6c1d55d092cd15b08643206.jpg,0.28115,3,1,0,1,3
S_12091686_jpg.rf.6038d51badafbca88de9cfcdaeb7290a.jpg,0.26244,4,1,0,1,4
S_12095954_jpg.rf.a5952327112bd7ffe8013c636526dc76.jpg,0.35302,2,1,1,0,1
S_12111059_jpg.rf.1718c4ad7266774b41baa1b0fbabbbec.jpg,0.34539,1,1,0,1,1
S_12125714_jpg.rf.ade5ef5553c50c4df41bd3cce246cc1e.jpg,0.3369,1,1,0,1,1
S_12156144_jpg.rf.52ea158c5e0ccbec49ac90920adc6371.jpg,0.33352,1,1,0,1,1
S_12157481_jpg.rf.ac64c0d925644478578bfe9f5b5e05e7.jpg,0.31085,4,1,0,1,4
S_12157834_jpg.rf.1fcd740f08f1d81fd0a2d5ab05c56a14.jpg,0.23864,1,1,0,1,1
S_12157914_jpg.rf.735c378aebf64eed2bf0fb2b62701470.jpg,0.27591,3,1,0,1,3
S_12159886_jpg.rf.a01222a7ec6679a89f292f78e053487d.jpg,0.26679,1,1,0,1,1
S_12160853_jpg.rf.20f82154f6b1c27b5ec7dd1bcfd5a0c1.jpg,0.29559,1,1,0,1,1
S_12161092_jpg.rf.c45253e12e4697965b0f740239e71276.jpg,0.33909,1,1,0,1,1
S_12195399_jpg.rf.7264a7534c110aab498f00dbae03d115.jpg,0.27981,6,1,0,1,6
S_12208713_jpg.rf.96b839ce5608d6fffdeaefa08e434dbe.jpg,0.34125,2,1,0,1,2
S_12209696_jpg.rf.431b2a306f96d66330e9441a4577a2dc.jpg,0.27681,1,1,0,1,1
S_12214384_jpg.rf.43ad4954733d4014281e006a3f53b346.jpg,0.36095,4,1,0,1,4
S_12220820_jpg.rf.3b687956659dd6eef9feebac0330e3fa.jpg,0.34772,1,1,0,1,1
S_12239245_jpg.rf.92e20b9c4028845a5acc97379b54cfcd.jpg,0.20023,2,1,0,1,2
S_12239271_jpg.rf.54345ea4b7351466613b940626c862da.jpg,0.28513,1,1,0,1,1
S_12239408_jpg.rf.6f9878f4c2f6cc928ca048297e0f22e0.jpg,0.31782,1,1,0,1,1
S_12239466_jpg.rf.edae40c4d27044d4bb0611d2cc66a7e1.jpg,0.19902,2,1,0,1,2
S_12272411_jpg.rf.4bced0d1f87df65f5eb54a2a7dc26d19.jpg,0.31129,4,1,1,0,3
S_12288967_jpg.rf.ce333aa6a05b28b69c37a9673086e2ab.jpg,0.27136,1,1,0,1,1
S_12296612_jpg.rf.247efc5dd88e512d6e19b87a9a7bac7a.jpg,0.34152,2,1,0,1,2
S_12345789_jpg.rf.e0f75a5b791a947b13c9b3ffeab6ded1.jpg,0.33592,1,2,0,2,1
S_12365945_jpg.rf.1a471e0b08596b177446be314a02f482.jpg,0.24151,1,1,1,0,0
S_12367063_jpg.rf.2eca04bd8551516c6bf7d355f852e39d.jpg,0.29112,1,1,0,1,1
S_12368160_jpg.rf.6c8fbd71085db93cb615fe14fce7f09b.jpg,0.30701,1,1,0,1,1
S_12368637_jpg.rf.566c42101e0577028ca32511a4912df7.jpg,0.3327,1,1,0,1,1
S_12369050_jpg.rf.def12ac17204707fae95c17d94edd80a.jpg,0.23607,3,1,0,1,3
S_12369415_jpg.rf.2256674cba1300cc1eeafb4d742503ed.jpg,0.29081,1,2,0,2,1
S_12369911_jpg.rf.bec4fb7c2999fb50d4f28d12204e5f49.jpg,0.30111,1,1,0,1,1
S_12369921_jpg.rf.bf0c65ddd4f3790ea8bae7eba1b6229b.jpg,0.30967,2,1,0,1,2
S_12370031_jpg.rf.16a4da22a7bd842c991e22f51bee6b72.jpg,0.26974,1,1,0,1,1
S_12377127_jpg.rf.4b74bc3823db93cfbec98c1a302b4b19.jpg,0.34032,1,1,0,1,1
S_12383448_jpg.rf.0f31986f64a11b2e358c1c515bc6d24b.jpg,0.28598,2,1,0,1,2
S_12408058_jpg.rf.cd7595faf6ee627a9ca4abd5aeb01186.jpg,0.29156,1,1,0,1,1
S_12415815_jpg.rf.6f65360b4294237b9a339ad00f217312.jpg,0.25468,1,1,0,1,1
S_12415855_jpg.rf.11dce40a19e3f17da9bbd47d48d4ccb9.jpg,0.27705,5,1,0,1,5
S_12415895_jpg.rf.e75bd062ea4f51efd1e5110c4398ceaf.jpg,0.19823,1,1,0,1,1
S_12415940_jpg.rf.cd1a2bca2371697145f141b38164bc90.jpg,0.27264,1,2,0,2,1
S_12441902_jpg.rf.c5b1491f75bc1f268d3040365a587426.jpg,0.30782,1,2,1,1,0
S_12447622_jpg.rf.3548048d8e62805596eea665d270754d.jpg,0.26958,1,1,0,1,1
S_12451289_jpg.rf.4b9259b05c17df3603e42b3ddb6adac0.jpg,0.33416,3,1,0,1,3
S_12451702_jpg.rf.17fa72dae7dd2293984fef4a55c4efc2.jpg,0.25091,1,1,0,1,1
S_12451732_jpg.rf.b249703bc55c0729520cfbf8f6fbf013.jpg,0.30404,2,1,0,1,2
S_12455491_jpg.rf.6282d747e2ed9875053274847c94739b.jpg,0.27203,2,1,0,1,2
S_12461179_jpg.rf.2ec8774cf0aead51d38f560d9413a220.jpg,0.2837,1,1,0,1,1
S_12462646_jpg.rf.213ec592f9c3c3aedbc634437ce347d3.jpg,0.27988,1,1,0,1,1
S_12466668_jpg.rf.1b4ae85d3250ddc5d413002b83d8ee9c.jpg,0.34105,2,1,1,0,1
S_12466712_jpg.rf.1fe7d47eeceff363eaf66f17841374ba.jpg,0.30992,1,1,0,1,1
S_12467250_jpg.rf.b8ea28c36c6da0f7c7d4e89269799390.jpg,0.31588,1,1,1,0,0
S_12468209_jpg.rf.704fa3f548f5819d0d16ab3bc285df93.jpg,0.37175,3,1,1,0,2
S_12468536_jpg.rf.ff85e9b0b08cfe11b57c954e8f3c7980.jpg,0.27381,2,1,0,1,2
S_12468583_jpg.rf.57a4fc035062fad96a287d8e656b688b.jpg,0.30898,1,1,0,1,1
S_12468793_jpg.rf.8233bace85476fd75876c9b0d040cd9f.jpg,0.34165,1,2,0,2,1
S_12469094_jpg.rf.b337d877b24923b688b57cc20474dbef.jpg,0.23767,2,1,0,1,2
S_12481433_jpg.rf.4d23c9684a17bcd348b52d0c36918cee.jpg,0.36328,9,1,0,1,9
S_12511329_jpg.rf.43d98080d64077f30fa8e6dd0648267a.jpg,0.38654,1,1,0,1,1
S_12511428_jpg.rf.752470eee8ba5a7f7593b739229eff9f.jpg,0.28254,1,1,0,1,1
S_12528977_jpg.rf.a15740774c84ae931cd9ace80f057292.jpg,0.27987,1,1,0,1,1
S_12571071_jpg.rf.b2394ad061aea808dd37eb75e95a2b6d.jpg,0.26624,1,1,0,1,1
S_12596825_jpg.rf.cc838bdc36719f3e13a15dd7c6040434.jpg,0.32192,1,1,0,1,1
S_12600719_jpg.rf.7cdaed339b27355c9dd48071d7e9a421.jpg,0.28617,3,1,0,1,3
S_12601444_jpg.rf.16ba4c7b3863e454844b74bcc58f4a4b.jpg,0.27856,1,1,0,1,1
S_12603371_jpg.rf.85d2f68ae95533902d8ac635f398d501.jpg,0.23518,3,1,0,1,3
S_12604289_jpg.rf.81ea62d40e02a09e02bb6087d2ef5de2.jpg,0.33391,2,1,0,1,2
S_12606489_jpg.rf.5a8b9c8ae25b66216ef38d4b4e780661.jpg,0.28133,1,1,0,1,1
S_12614079_jpg.rf.3118b5c8c31db9fa955ab85c9afcc866.jpg,0.32886,1,1,0,1,1
S_12614928_jpg.rf.2619344d7a0f4c3d2b556b46eadf053b.jpg,0.36271,5,1,1,0,4
S_12616650_jpg.rf.b0237d329893b73643647d21dfd408a7.jpg,0.2275,1,1,0,1,1
Y_000026_jpg.rf.724d71e6c7111f28b6b093b405d46c9a.jpg,0.36239,2,2,1,1,1
Y_000032_jpg.rf.ab686a2339cf7916cdffb8a1c80e8e3f.jpg,0.26455,2,1,0,1,2
Y_000043_jpg.rf.48a06d19f908f6296981d326ef2ab538.jpg,0.26712,1,1,0,1,1
Y_000062_jpg.rf.2d2acf2c8f64dc4ac4238439c591246c.jpg,0.30528,4,1,0,1,4
Y_000071_jpg.rf.6c72c797c8c71a69fea94ab6f41d1ea5.jpg,0.31333,1,1,0,1,1
Y_000072_jpg.rf.70456988d00e595e4f2bce7ef66f5ca4.jpg,0.33299,3,1,0,1,3
Y_000092_jpg.rf.7d32c1af6724103d795a6a5f33e823be.jpg,0.26521,1,1,0,1,1
Y_000105_jpg.rf.07ffcdc212995a867d1fe1cc9eb59137.jpg,0.26536,2,1,0,1,2
Y_000115_jpg.rf.6bcee39ebcde40bc930c9d0f70576ea7.jpg,0.26615,3,1,0,1,3
Y_000170_jpg.rf.6f231a0db793ed4ebacd40a78f1d1e1b.jpg,0.22007,1,1,0,1,1
Y_000173_jpg.rf.4c0dd02928512142db21ca6069871b4d.jpg,0.25731,1,1,0,1,1
Y_000215_jpg.rf.904cbe46628bbadb8c01a86909931a70.jpg,0.25609,1,1,0,1,1
Y_000276_jpg.rf.484fb664da2bc0a53e0b36de3b05eba8.jpg,0.25764,1,1,0,1,1
Y_000328_jpg.rf.c70ef0323e4149f10080288da76c38ba.jpg,0.25135,1,1,0,1,1
Y_000331_jpg.rf.72b69a0da621ef8ac98c2f002af92231.jpg,0.22272,1,1,0,1,1
Y_000349_jpg.rf.ff9cbb862181407b1eda338ac67c9bb6.jpg,0.29938,1,1,0,1,1
Y_000377_jpg.rf.4849145f1db702122d99c6146f8779cb.jpg,0.25324,1,1,0,1,1
Y_000383_jpg.rf.65a1ed206721463d20c12149f01fb74b.jpg,0.23415,1,1,0,1,1
Y_000414_jpg.rf.9c4e8aaa216804327707d321a18bdd26.jpg,0.28672,1,2,0,2,1
Y_000458_jpg.rf.d4e37ac2f021253aef90f4d246151425.jpg,0.32287,2,1,0,1,2
Y_000469_jpg.rf.e821aad4c9f32f11e0407bf18ddd28dd.jpg,0.2718,1,1,0,1,1
Y_000476_jpg.rf.8a3e67349f3cdcc4a395e6f5523269f7.jpg,0.30277,1,1,0,1,1
Y_000511_jpg.rf.809ec102bf8b2eca95d868bcdbc3355a.jpg,0.3056,1,1,0,1,1
Y_000580_jpg.rf.92cc10f597cfd31da70430fd41d3aa04.jpg,0.36746,4,1,0,1,4
Y_000628_jpg.rf.97c12a4c81b15f842c989901029510b4.jpg,0.19401,1,1,0,1,1
Y_000730_jpg.rf.55986764139d0c6b84facb0dc9c18ded.jpg,0.22533,1,1,0,1,1
Y_000746_jpg.rf.a7b3f5575fe91f9716afddd0ac147658.jpg,0.24401,2,1,0,1,2
Y_000763_jpg.rf.dbf5aa7bea73b7a03c542b82b591511d.jpg,0.21851,1,1,0,1,1
Y_000786_jpg.rf.111218ffb914d76256aee907c05189cd.jpg,0.25472,1,1,0,1,1
Y_000787_jpg.rf.cab72d2806fb7b28966659fba9dde93b.jpg,0.34512,2,1,0,1,2
Y_000788_jpg.rf.e174f29d910c809bc6ae395695e8ca06.jpg,0.20307,1,1,0,1,1
Y_000847_jpg.rf.ac4c9710ac2cd0b5374e0de58aa9dce3.jpg,0.2515,8,2,0,2,8
Y_000859_jpg.rf.f725ed8bd452b234a38165b27ee127f8.jpg,0.2396,9,1,0,1,9
Y_000877_jpg.rf.90fa4d09b868473b650c09a03b6deaff.jpg,0.27159,3,1,0,1,3
Y_000878_jpg.rf.447bbf8c1734b8bae1a80e4883655481.jpg,0.27523,6,1,0,1,6
Y_000879_jpg.rf.14b95ac898a00c573b7ebe1b0113c6c6.jpg,0.2591,6,1,0,1,6
Y_000884_jpg.rf.bf275ca88f54f70e3f0e3c9c110fd7ad.jpg,0.27803,1,1,0,1,1
Y_000915_jpg.rf.191795329aa8348a457581cc60164fe4.jpg,0.25246,1,1,0,1,1
Y_000918_jpg.rf.b67582bfb7a2c9bbe89bce5434754f94.jpg,0.27782,2,1,0,1,2
Y_000942_jpg.rf.ca86ddf3283e83e80a15f0486790f1b4.jpg,0.27684,1,1,0,1,1
Y_000957_jpg.rf.242574b34684ff2142aad643a927790d.jpg,0.27351,6,1,0,1,6
Y_001014_jpg.rf.f5b737a4267415a3d1957e87947751bf.jpg,0.24264,2,1,0,1,2
Y_001037_jpg.rf.b87c4e6179c4993882db28ed198e3532.jpg,0.21166,1,1,0,1,1
Y_001039_jpg.rf.af7b821f791ea122171598946aa9acc8.jpg,0.28808,1,1,0,1,1
Y_001133_jpg.rf.d0e1a562bc25efe54e5bdd0063e83bd8.jpg,0.24341,4,1,0,1,4
Y_001143_jpg.rf.8db9d259fe35a354725022b53c28367f.jpg,0.21387,2,1,0,1,2
Y_001173_jpg.rf.7d7b26efb08c4cb9be9a8ec9da7a3776.jpg,0.18079,4,1,0,1,4
Y_001185_jpg.rf.e7f6559ddd4197b36c8b3b229b0f5a2d.jpg,0.27469,1,1,0,1,1
Y_001213_jpg.rf.f7f6881a01c783638b3dfbbd3ae0efd7.jpg,0.19184,1,1,0,1,1
Y_001254_jpg.rf.42f2ea8939ae7ab81ea59804faca191a.jpg,0.26323,1,2,0,2,1
Y_001291_jpg.rf.7f084807f502dab0368370e6edb77fe8.jpg,0.27215,9,1,0,1,9
Y_001318_jpg.rf.c92052c9b0fc1f29f74509df04181ecc.jpg,0.3219,2,1,0,1,2
Y_001339_jpg.rf.c54f093e6e911c3d298666d36919a5c6.jpg,0.26067,1,2,0,2,1
Y_001343_jpg.rf.d7d9aabadfeae7ed04389cf835a10c93.jpg,0.25119,1,1,0,1,1
Y_001351_jpg.rf.abefc244fba007d1ba260bc99b6db9c2.jpg,0.30196,1,1,0,1,1
Y_001427_jpg.rf.76d624314394283b47ca1f59359b7a31.jpg,0.30722,2,1,0,1,2
Y_001499_jpg.rf.d9d4e846c8ca851b1e15d6e01677c7cd.jpg,0.28846,1,1,0,1,1
Y_001530_jpg.rf.8eb16b346a58087da6f1fcdb4d25bce9.jpg,0.30326,1,1,0,1,1
Y_001553_jpg.rf.cda0f0f894c7cd5088514164ee78e650.jpg,0.23814,1,1,0,1,1
Y_001673_jpg.rf.cb9d7b952613c8e877f30630f0178826.jpg,0.2891,1,1,0,1,1
Y_001680_jpg.rf.237edab90d394b26e8acee8383e36c0b.jpg,0.29042,1,1,0,1,1
Y_001772_jpg.rf.9cd48cc9e0375048ab0d74c10a3429d5.jpg,0.29995,1,1,0,1,1
Y_001780_jpg.rf.805b69e822292a12d3f9a8f9d2651ece.jpg,0.242,1,1,0,1,1
Y_001797_jpg.rf.a604ae0a438e143c3e20f1ffa139ad23.jpg,0.30241,1,1,0,1,1
Y_001798_jpg.rf.021a9e13150d5fac8a8949961204b2cc.jpg,0.32068,1,1,0,1,1
Y_001820_jpg.rf.93e977c0bbd5ccc835f232a8c7870521.jpg,0.36522,1,2,1,1,0
Y_001821_jpg.rf.d0ce8241114ad649d8d57685430e64fc.jpg,0.28849,1,1,0,1,1
Y_001830_jpg.rf.6d2e3c1dbe59f4e708519af40a50e523.jpg,0.33917,1,1,0,1,1
Y_001841_jpg.rf.18cf12007c3e099834798ff00e9e2bd5.jpg,0.26204,1,1,0,1,1
Y_001858_jpg.rf.58b5465e09e145877389787a8c3c63f5.jpg,0.25494,1,1,0,1,1
Y_001893_jpg.rf.0bba20e7e9343db7db94880ce4c718bf.jpg,0.30517,1,1,0,1,1
Y_001908_jpg.rf.847b3ec4b883cd6cf660e3ff181a6218.jpg,0.31876,1,1,0,1,1
Y_001913_jpg.rf.dc77cf974633dad65bc3f9d94564211e.jpg,0.27524,1,1,0,1,1
Y_001935_jpg.rf.4f1c208972cbb736b0d5fc810d1fc35b.jpg,0.29531,1,1,0,1,1
Y_001999_jpg.rf.91ba543554e24ee398b6e7de127a139f.jpg,0.29448,1,1,0,1,1
Y_002015_jpg.rf.659838d69a2b9a826182135be87bd259.jpg,0.30299,1,1,0,1,1
Y_002040_jpg.rf.aa20fc3efef3354f92dbfb06161361d5.jpg,0.1879,1,1,0,1,1
Y_002042_jpg.rf.d7ea988214730cce626fc804ecfd7bcf.jpg,0.36261,1,1,0,1,1
Y_002060_jpg.rf.cf71cda56b6e2fb4eea87effc875c7b1.jpg,0.2902,1,1,0,1,1
Y_002069_jpg.rf.040e9f1d37b6d65185a71f9c4833fdf4.jpg,0.35691,3,1,0,1,3
Y_002072_jpg.rf.95f1fef582c4107b7b865bc748420b57.jpg,0.20237,1,1,0,1,1
Y_002074_jpg.rf.b86d12fb7cea81574063f278ea9f7857.jpg,0.19317,1,1,0,1,1
Y_002082_jpg.rf.4729a2a7dd34f1731cf4c085500d4e99.jpg,0.22838,1,1,0,1,1
Y_002131_jpg.rf.044469780708caefc67e5380439d5cf4.jpg,0.32086,1,1,0,1,1
Y_002132_jpg.rf.2ea7fb56d1d51caf8573064b30462a83.jpg,0.35665,5,1,0,1,5
Y_002139_jpg.rf.a165b1930679dd83389273596528aca2.jpg,0.23694,1,1,0,1,1
Y_002145_jpg.rf.ab530d31d2bfd139b65eaa5291de5862.jpg,0.278,1,1,0,1,1
Y_002154_jpg.rf.97a93aff576086327b776682ee8f8bd9.jpg,0.29036,1,1,0,1,1
Y_002178_jpg.rf.7116ff1acdac7fe2aaca4a0d1ace5f60.jpg,0.31681,1,1,0,1,1
Y_002190_jpg.rf.dee282daf46a02e71b16d9053ef28851.jpg,0.29664,1,1,0,1,1
Y_002220_jpg.rf.528746103099afea585fe8e9e33f0e63.jpg,0.24513,1,3,0,3,1
Y_002248_jpg.rf.38fa200ea58d523dac1886dec0ca58ff.jpg,0.24874,1,1,0,1,1
Y_002252_jpg.rf.f746f93fa482bc8972dc8732adf4cbf5.jpg,0.31138,1,1,1,0,0
Y_002256_jpg.rf.8cfaa8d1dbb38b9b2623e561a7433ff8.jpg,0.28003,1,1,0,1,1
Y_002281_jpg.rf.2d9ebb33c15d42d85f5736726d48ad31.jpg,0.35197,1,1,0,1,1
Y_002314_jpg.rf.6b315e3a6e20599a40f8b7cf5a26335a.jpg,0.25767,1,1,0,1,1
Y_002382_jpg.rf.a0884dd6c7e896cdf8e3d398168c6b83.jpg,0.27589,1,1,0,1,1
Y_002399_jpg.rf.8423d609bf62398a0c0c840ee38f00f1.jpg,0.26707,1,1,0,1,1
Y_002418_jpg.rf.cfd15afee552588773a77fc6dedc7f7b.jpg,0.26778,1,1,0,1,1
Y_002432_jpg.rf.765856adcd638af077dc46a2bc8ac315.jpg,0.29233,1,1,0,1,1
Y_002458_jpg.rf.7ab4d70eb0d81d263c03a023c2d206eb.jpg,0.30324,2,1,0,1,2
Y_002490_jpg.rf.3998a4b4f80b0efb6649059e33e3c430.jpg,0.25131,1,1,0,1,1
Y_002505_jpg.rf.b8f339f0579397955650c486f785634e.jpg,0.22711,1,1,0,1,1
Y_002520_jpg.rf.32f5115df5ebf52399b836cbc3edce1b.jpg,0.23081,1,1,0,1,1
Y_002539_jpg.rf.1ad9cbe69fab6e20f179abf7955170f5.jpg,0.28012,1,1,0,1,1
Y_002568_jpg.rf.16e5e7b27724d9e1df1cf38b76804f3c.jpg,0.34056,1,1,0,1,1
Y_002632_jpg.rf.e3babf5ed8d65b459ca0b1787fea441f.jpg,0.32311,1,1,0,1,1
Y_002805_jpg.rf.341e64b30f1bce105f1a3e8f999c0151.jpg,0.30858,1,1,0,1,1
Y_002857_jpg.rf.1c3c4d6a877d5de51e0b3963d5c918b3.jpg,0.37631,2,1,1,0,1
Y_003064_jpg.rf.5ffba0b7da599199d66f01a15449b776.jpg,0.2616,2,1,0,1,2
Y_003079_jpg.rf.94f27aad8e0086402522879677504f76.jpg,0.33474,1,1,0,1,1
Y_003109_jpg.rf.5e2a748fb8c7e196112ca04b3275a1c0.jpg,0.33561,4,1,0,1,4
Y_004052_jpg.rf.3be802e7f5c1de4ccfe284e63e4672fd.jpg,0.28436,1,1,0,1,1
Y_004602_jpg.rf.3bf97928c84df5509b379679a3eda9f9.jpg,0.30476,1,2,0,2,1
Y_004638_jpg.rf.cd6c7e3a7ec02c5685c468cf59376ee9.jpg,0.3781,3,1,0,1,3
Y_006541_jpg.rf.09537c36cf1147a6bcae7412c8a6e965.jpg,0.32321,2,1,0,1,2
Y_007719_jpg.rf.a8fd3d3646f6b2ff86ca3b8a0283ffa5.jpg,0.31057,1,1,0,1,1
Y_008513_jpg.rf.49fdbc4e81e2eed89f3aeef77dc6d414.jpg,0.22569,2,1,0,1,2
Y_008515_jpg.rf.b0e1e84f3e97876e16770616d8155df8.jpg,0.19943,1,1,0,1,1
Y_009267_jpg.rf.5dd2111f86e8301038bc476c296c6898.jpg,0.36434,4,1,0,1,4
Y_010053_jpg.rf.f7ac80950b672a9ab15b3f3b26dca501.jpg,0.27588,2,1,0,1,2
Y_010769_jpg.rf.4833757cd7dfdc28ef3484f4beefd003.jpg,0.33944,3,2,2,0,1
Y_011010_jpg.rf.60d66d313f13b2b63144c3e96ab3d240.jpg,0.30534,4,1,0,1,4
Y_011261_jpg.rf.b53a959ab2a9324f00a3d4058c5977e2.jpg,0.29344,2,1,0,1,2
Y_011426_jpg.rf.1f6248a71b31d0d4dbd25f3cb093eef2.jpg,0.30721,2,1,1,0,1
Y_011441_jpg.rf.0a3191a2843d70a4294930efca1f353b.jpg,0.33641,3,1,1,0,2
Y_011529_jpg.rf.75debaef5f353d651c960734f15c2d75.jpg,0.34642,3,1,1,0,2
Y_011549_jpg.rf.c17bdcbd0e68bb5834f781ee1abe727d.jpg,0.32039,1,1,1,0,0
Y_011551_jpg.rf.8335c2ed3ef330ba664ae03eaca626a4.jpg,0.31545,2,1,0,1,2
Y_011594_jpg.rf.3e3464b7077161fac28afd0a5692349d.jpg,0.32037,1,1,0,1,1
Y_011657_jpg.rf.363d3ab553de4956eb36a51d7a7318fb.jpg,0.29316,1,1,0,1,1
Y_011668_jpg.rf.8b5a14300da02769c8a53bf8d3aa598b.jpg,0.30695,2,2,0,2,2
Y_011669_jpg.rf.1b7abef5a3ced0b61a85137ceb4b0f7a.jpg,0.29857,1,1,0,1,1
Y_011674_jpg.rf.2894010c06e9a02c84aa3c4ccd6fe03d.jpg,0.27633,1,1,0,1,1
Y_011683_jpg.rf.bf0a9ae9fd23f0431d7842819ddedab5.jpg,0.28915,1,1,0,1,1
Y_011748_jpg.rf.65c46fe29baef25dd668f46b6c1a7a66.jpg,0.25178,1,1,0,1,1
Y_011792_jpg.rf.43dc628ecac10baf5a6a775ccb91b9e3.jpg,0.28311,1,1,1,0,0
Y_011859_jpg.rf.5ef92a28ce9488996de0430cb2f78f52.jpg,0.28042,3,1,0,1,3
